x,y
66.82136,32.21137
66.75916,32.19905
66.847,32.28803
66.64565,32.27525
66.92897,32.39634
66.53388,32.35558
66.44264,32.37962
67.00058,32.50323
66.94987,32.48024
66.3284,32.46261
67.03336,32.59151
66.21882,32.54606
66.12967,32.56765
67.1012,32.69876
66.01567,32.64568
67.1378,32.78985
65.90623,32.73264
65.81625,32.74864
67.21285,32.90506
65.71179,32.82135
67.28551,33.01038
65.5999,32.91095
65.51649,32.9305
67.32063,33.0908
65.39555,33.00929
67.39993,33.21759
65.28822,33.09725
65.19677,33.11633
67.47681,33.32319
65.08389,33.19739
64.99676,33.21586
67.50285,33.40783
64.97769,33.27755
64.88808,33.29898
67.57529,33.51907
64.77879,33.37782
64.69654,33.39833
67.65554,33.63602
64.66699,33.46272
64.58522,33.48547
67.68027,33.72092
64.47501,33.56192
64.3801,33.57355
67.75797,33.83628
64.36147,33.64268
64.27625,33.66485
67.84301,33.95003
67.76785,33.92101
67.86263,34.0384
67.94917,34.15004
67.86234,34.12562
68.0174,34.25422
67.96067,34.23653
68.03808,34.34275
68.11703,34.45202
68.04234,34.44166
68.21477,34.56756
68.13865,34.54247
63.81624,34.33164
63.74033,34.34719
68.22566,34.65199
63.70619,34.4183
63.62571,34.43418
63.52343,34.44155
68.30987,34.76613
68.22653,34.74788
63.51955,34.51154
63.43477,34.52235
68.39701,34.87771
68.32439,34.85159
63.40242,34.59785
63.31735,34.6147
63.21918,34.62614
63.11836,34.62778
63.02705,34.61629
68.42178,34.96824
68.32358,34.9481
63.20641,34.69873
63.11705,34.69929
63.01192,34.69888
62.91198,34.70209
68.49535,35.0772
68.4183,35.05333
62.81487,34.78498
62.72251,34.79597
68.572,35.18091
68.51506,35.17021
62.69618,34.87727
62.59658,34.88558
62.5238,34.90226
68.59778,35.27269
62.50158,34.96851
62.41054,34.98175
68.67888,35.38472
68.60783,35.36552
62.38582,35.05517
62.28733,35.06735
62.20474,35.08189
68.76221,35.49911
68.69719,35.47092
62.19339,35.15037
68.77972,35.58328
68.86275,35.69487
68.79364,35.67156
68.94384,35.80743
68.88395,35.78167
61.97275,35.46151
61.88578,35.45813
68.96461,35.8935
69.04479,36.00589
68.98158,35.98289
61.6665,35.63034
61.59368,35.63355
69.12605,36.11672
69.06845,36.09074
61.46477,35.7418
61.35832,35.73656
69.1463,36.20306
61.33567,35.81158
69.23169,36.31485
69.16785,36.28089
69.30575,36.42835
69.25217,36.40314
61.03976,36.00063
69.32911,36.5156
60.843,36.08965
60.7626,36.11091
69.40822,36.62621
69.35614,36.59518
69.43548,36.71625
60.53284,36.28707
69.50971,36.82074
60.32043,36.38845
69.59283,36.9423
69.53448,36.90906
60.2284,36.45498
69.61087,37.02615
60.02761,36.57375
69.69234,37.1351
69.63043,37.11142
59.81781,36.66553
69.77518,37.24821
69.71619,37.21965
59.8012,36.72673
59.70641,36.74209
69.79491,37.33695
59.58753,36.84899
59.52273,36.8516
69.87953,37.44134
69.81104,37.42497
59.40028,36.93033
59.3212,36.93451
69.97662,37.55499
69.89867,37.53524
59.30261,37.00382
59.20069,37.0275
69.98115,37.64083
59.09488,37.11385
70.06262,37.75241
69.99862,37.72914
58.98242,37.20034
58.89371,37.20674
70.15341,37.86178
70.08212,37.84492
58.78392,37.29261
58.69412,37.31657
70.16759,37.95583
58.66338,37.37756
58.58552,37.40444
70.25779,38.06422
70.18891,38.04299
58.46547,37.47084
58.37701,37.49541
70.34055,38.16296
70.26714,38.15177
58.36035,37.55986
58.26319,37.58736
70.35556,38.26275
58.16423,37.6728
58.07527,37.68472
70.44216,38.36908
70.36686,38.35558
58.06159,37.74279
57.96914,37.75684
57.86694,37.77932
70.52615,38.48706
70.45093,38.45563
57.85747,37.83332
57.77631,37.86057
57.45701,37.84648
57.36996,37.85315
70.61571,38.59562
70.54226,38.57653
70.46667,38.5513
57.65983,37.94642
57.54239,37.95001
57.45652,37.92643
57.35224,37.93651
57.24017,37.93391
57.18168,37.94011
70.62484,38.68115
70.55037,38.66936
57.63125,38.03477
57.557,38.02299
57.33405,38.00915
57.24841,38.02519
57.15384,38.02403
56.95646,38.03706
70.71706,38.79233
70.63725,38.77269
57.63539,38.14281
57.13514,38.10945
57.04147,38.1208
56.93855,38.11273
70.79816,38.89897
70.72459,38.87856
57.02874,38.19888
56.9369,38.21057
56.83472,38.22172
56.71893,38.21422
70.80863,38.99051
70.73405,38.96979
56.82026,38.28543
56.73561,38.29572
56.6379,38.29927
56.53613,38.31874
70.89561,39.1018
70.82588,39.08055
57.82921,38.43566
56.71121,38.37807
56.62276,38.38782
56.54028,38.39326
56.45216,38.38853
70.91013,39.19001
56.51582,38.47298
56.42469,38.47645
56.32986,38.48831
56.24926,38.48573
70.99431,39.29628
70.92111,39.27562
56.30906,38.54829
56.21807,38.57311
71.06991,39.40931
71.00822,39.3899
71.08929,39.49994
70.99782,39.49044
56.09241,38.7497
56.01385,38.77572
71.18512,39.61091
71.09208,39.59306
70.99249,39.59963
55.9032,38.84509
71.26574,39.71868
71.19519,39.6983
71.35689,39.82336
71.28504,39.81054
71.08739,39.79958
71.36301,39.91602
71.28624,39.89512
71.18033,39.90344
71.45016,40.03139
71.38155,40.00674
71.26173,40.00489
71.18208,39.99758
71.46715,40.11856
71.36158,40.11638
71.26604,40.10866
71.55134,40.23096
71.47038,40.21381
71.35296,40.21959
54.46045,39.40376
54.38472,39.39878
71.63085,40.34277
71.56437,40.31814
71.4509,40.31911
71.36002,40.312
54.36728,39.48023
54.27517,39.49092
54.19285,39.50223
71.72141,40.45282
71.64851,40.43156
71.56116,40.41682
71.44675,40.41689
54.34639,39.57468
54.25816,39.56904
54.16615,39.58056
54.0779,39.58872
71.73207,40.53933
71.65823,40.52473
54.15665,39.66285
54.05341,39.66211
53.96924,39.68264
53.8866,39.69249
71.81881,40.65071
71.74497,40.62726
54.06004,39.74518
53.94865,39.75595
53.8567,39.76075
53.7728,39.78027
72.32455,40.7858
71.83167,40.73964
71.75497,40.72178
53.84732,39.85069
53.74773,39.85105
53.65736,39.86531
53.56938,39.87856
72.41331,40.88191
71.91154,40.84874
71.84331,40.8265
53.73454,39.93641
53.64272,39.94244
53.54976,39.93971
53.45782,39.95951
72.49478,40.98602
72.43517,40.95842
71.99977,40.95844
71.93117,40.93647
53.53133,40.04139
53.43843,40.03802
53.34774,40.04231
53.26158,40.05306
72.51514,41.07129
72.01167,41.04177
53.33779,40.12931
53.23537,40.13337
53.15044,40.14528
72.59783,41.18256
72.52557,41.1581
72.10107,41.15568
53.22976,40.21196
53.13338,40.22462
53.03745,40.23083
52.94399,40.24144
72.67803,41.29396
72.62039,41.27217
72.19284,41.2746
72.12354,41.24163
53.02446,40.31847
52.92445,40.31538
52.84327,40.32519
72.70188,41.38063
72.19892,41.36361
52.9143,40.40213
52.82152,40.40713
52.72593,40.41145
52.64019,40.42851
72.78405,41.49314
72.72229,41.46846
72.28607,41.46636
52.71165,40.4953
52.62209,40.50095
52.5258,40.51038
52.44034,40.52563
72.86651,41.60898
72.8055,41.58359
72.30547,41.55556
52.60789,40.58289
52.51201,40.59633
52.41943,40.59939
72.8825,41.69466
72.38056,41.67331
52.40502,40.68329
52.32538,40.6967
72.96121,41.8027
72.90291,41.7838
72.39578,41.76569
52.29616,40.77857
52.21848,40.7946
52.11709,40.80916
52.01132,40.79378
73.05138,41.91394
72.98317,41.8907
72.47497,41.86958
52.19575,40.88332
52.10592,40.87977
52.0038,40.86255
51.90833,40.88064
51.82407,40.89284
73.0659,42.0051
72.99543,41.97959
72.57281,41.98049
72.49508,41.96083
52.09258,40.97181
51.99136,40.97271
51.89368,40.96302
51.80113,40.96834
51.70502,40.97655
73.14829,42.11523
73.08768,42.09403
72.65419,42.08584
72.58817,42.06034
51.78431,41.04893
51.69207,41.05912
51.59801,41.06883
51.51321,41.07227
73.23373,42.23788
73.17025,42.20299
72.75138,42.1941
72.67039,42.17472
51.6701,41.1296
51.58265,41.14527
51.49144,41.15395
51.39766,41.16528
73.24937,42.30969
73.18055,42.28974
72.75497,42.29117
51.47443,41.23358
51.38422,41.24213
51.29346,41.24879
51.20048,41.26358
73.2569,42.39942
72.83971,42.39854
72.78175,42.37426
51.35709,41.31363
51.27492,41.33195
51.18185,41.33756
51.08784,41.3488
72.93518,42.50673
72.8569,42.48687
51.16355,41.41241
51.07187,41.42941
50.98104,41.43796
50.89213,41.44878
72.93706,42.60701
72.87098,42.58316
51.05179,41.50261
50.96381,41.51399
50.87541,41.52415
50.77934,41.52978
73.01783,42.70798
72.95351,42.69251
50.85241,41.60109
50.76647,41.61417
50.6704,41.62188
73.03034,42.80046
72.96091,42.7822
50.73771,41.68333
50.65959,41.69888
50.56751,41.71414
50.47177,41.71735
73.11846,42.90954
73.04685,42.88683
50.54133,41.78654
50.45414,41.80502
50.36885,41.81773
73.20285,43.01532
73.13052,42.99965
50.34577,41.88438
50.25459,41.9034
73.29218,43.12813
73.21367,43.10881
73.14635,43.08257
50.23453,41.96803
50.14516,41.99022
50.05965,41.99818
73.30392,43.22297
73.23048,43.198
50.03805,42.07006
49.95049,42.08916
93.76349,44.30669
73.38076,43.32225
73.31584,43.3144
49.9287,42.15247
49.83925,42.16959
49.74729,42.18856
73.39774,43.41776
73.33038,43.39914
49.80647,42.24683
49.72961,42.25319
49.6417,42.26459
49.54446,42.28612
73.48095,43.52935
73.41107,43.5103
49.62043,42.34293
49.52943,42.35543
49.43534,42.36506
93.76469,44.60956
73.56648,43.64439
73.4978,43.62247
49.41964,42.44502
49.32445,42.44463
49.23787,42.46432
76.38199,43.8638
76.19395,43.85254
75.80411,43.82724
75.67793,43.83707
75.49516,43.81799
75.37943,43.80961
75.19648,43.80665
75.08551,43.80788
74.88509,43.79741
73.58102,43.73149
73.51087,43.71075
49.31033,42.52971
49.21661,42.53823
49.11953,42.54201
75.68074,43.9336
75.57529,43.92496
75.18333,43.90174
74.98675,43.89573
74.88976,43.8885
74.68511,43.8834
74.58221,43.87171
74.48208,43.86368
74.37943,43.86743
74.28544,43.8536
74.17838,43.8561
74.08141,43.8406
73.98347,43.84405
73.88401,43.8418
73.7756,43.83587
73.67144,43.83589
73.59786,43.81741
49.19637,42.61539
49.10898,42.63285
49.01013,42.63456
48.92558,42.64676
73.98331,43.93764
73.77779,43.93676
73.67129,43.91935
48.99886,42.72307
48.90556,42.72781
48.81359,42.73265
93.75269,44.99995
48.79766,42.81483
48.70578,42.81542
48.61812,42.83418
48.69332,42.90386
48.60406,42.90171
48.61541,43.00092
93.75956,45.31823
48.68391,43.12387
93.74522,45.39656
48.87001,43.4325
93.79668,45.70429
93.74694,45.70553
48.97937,43.6334
49.05304,43.74857
93.78094,46.01808
49.0811,43.81678
49.15163,43.93227
49.24052,44.06162
93.76966,46.40389
49.3465,44.25844
49.41984,44.36067
49.45092,44.4431
93.7702,46.72186
49.52742,44.55963
93.76396,46.79446
54.20599,44.90769
49.59846,44.67107
54.20938,44.99192
54.09636,45.00614
49.63963,44.74841
55.2194,45.15854
54.28924,45.09786
54.20153,45.09168
54.10406,45.07867
49.70901,44.86134
93.76084,47.10957
55.18195,45.24126
55.103,45.2494
54.36525,45.20221
54.30023,45.18437
54.18363,45.18803
54.12334,45.16603
49.78093,44.97558
55.16215,45.30821
55.08449,45.32007
55.00031,45.34302
54.91972,45.34401
54.47206,45.31751
54.39467,45.29442
54.2757,45.29799
54.21083,45.27396
49.86484,45.09439
49.81858,45.061
54.9735,45.40608
54.88677,45.42342
54.79704,45.43895
54.47231,45.40981
54.37504,45.40147
54.29342,45.38467
49.89719,45.18249
93.76507,47.4234
54.86401,45.49119
54.77594,45.50776
54.69079,45.5333
54.58167,45.5223
54.48102,45.50051
54.37498,45.49623
54.30849,45.47433
49.96917,45.28952
54.75887,45.58659
54.66216,45.59198
54.57816,45.61007
54.47054,45.61227
54.39676,45.5826
50.05273,45.40767
50.00708,45.37096
54.55923,45.67882
54.47777,45.68569
50.07856,45.48634
50.15105,45.59999
93.7878,47.80268
93.73904,47.81822
50.23276,45.72024
50.19092,45.68327
50.26186,45.79445
50.3373,45.91206
50.29609,45.87089
93.77789,48.12597
50.41611,46.03238
50.37485,45.98651
50.44798,46.1056
50.52053,46.2176
50.4802,46.17872
93.77829,48.42042
50.60211,46.33858
50.56105,46.30252
93.77111,48.50472
50.63173,46.4151
50.70411,46.52745
50.66315,46.49082
50.78484,46.64589
50.74243,46.60986
93.7768,48.82469
50.81514,46.72477
50.88777,46.83895
50.84353,46.79791
50.97281,46.95717
50.92385,46.91903
51.00067,47.03327
93.76296,49.20067
51.07672,47.14788
51.03165,47.11112
51.16012,47.26476
51.11102,47.22975
51.27288,47.35616
51.18076,47.34898
51.12635,47.33065
93.75933,49.51732
51.25688,47.4411
51.17923,47.44086
51.24714,47.54702
51.17488,47.54047
51.24563,47.64265
51.17083,47.64138
51.23987,47.74357
51.16592,47.74182
51.23283,47.84604
51.16461,47.84083
51.22647,47.93968
51.16158,47.94089
51.22234,48.04243
51.16115,48.04237
93.77659,50.22078
51.21588,48.14444
51.15903,48.14207
51.2109,48.243
51.15689,48.24308
51.20468,48.34538
51.15475,48.34261
93.77758,50.53136
51.19959,48.4463
51.15289,48.44226
93.77602,50.60046
51.19592,48.54682
51.15202,48.54196
51.1928,48.64486
51.14945,48.64137
51.18908,48.74485
51.1464,48.7398
93.76177,50.90783
51.18618,48.84652
51.14451,48.83925
51.18194,48.94412
51.14247,48.94053
51.17935,49.04544
51.1391,49.03955
51.17467,49.14474
51.13501,49.13948
51.49286,49.26287
51.17259,49.24496
51.13189,49.23874
51.49132,49.36131
51.17002,49.34423
51.12789,49.33907
51.48843,49.45771
51.16795,49.44456
51.12412,49.4409
51.48423,49.55323
51.1651,49.54462
51.11985,49.54265
51.48777,49.65946
51.16132,49.64375
51.11608,49.63758
51.48097,49.75615
51.1601,49.74331
51.11245,49.74254
51.4816,49.86057
51.15888,49.84435
51.10692,49.83915
51.48005,49.96063
51.15611,49.94282
51.10244,49.94099
51.47331,50.05454
51.15463,50.04319
51.46871,50.16584
51.22125,50.15016
51.15419,50.14301
51.51776,50.25506
51.44558,50.2539
51.34679,50.24906
51.25225,50.24807
51.15147,50.24364
51.44497,50.33632
51.34123,50.33659
51.22808,50.35548
51.14606,50.34588
51.22107,50.43908
51.13549,50.44447
51.04736,50.45985
50.9559,50.46949
51.21478,50.52515
51.12024,50.52396
51.02797,50.52719
50.93713,50.54259
50.84931,50.55531
50.72335,50.52049
50.63728,50.53802
50.5582,50.54813
51.01073,50.61475
50.91753,50.61178
50.82848,50.62109
50.73994,50.63255
50.61647,50.6101
50.53028,50.62068
50.44733,50.63605
50.82083,50.69319
50.51153,50.69504
50.42236,50.70376
50.33435,50.72215
50.24665,50.73381
50.40225,50.77859
50.31167,50.7886
50.22331,50.80712
50.1393,50.82336
50.20125,50.87208
50.11203,50.88957
50.02386,50.90971
50.08598,50.96524
50.00024,50.97237
49.9154,50.9937
49.83131,51.01212
49.88309,51.07996
49.81793,51.07707
49.88516,51.18053
49.81704,51.19245
49.86969,51.26343
49.7908,51.26611
49.69941,51.28343
49.61904,51.28955
49.67866,51.37443
49.60625,51.37162
49.67421,51.47327
49.60621,51.47007
49.67459,51.57408
49.60046,51.5735
49.74131,51.68487
49.66682,51.67355
49.60089,51.67123
49.74596,51.78038
49.6602,51.77254
49.59589,51.76747
71.65952,52.94313
49.74349,51.87529
49.65553,51.87208
49.58849,51.87235
49.74127,51.97581
49.65642,51.97337
49.58668,51.96807
51.2342,52.15992
51.1514,52.15349
51.06107,52.14219
50.95697,52.13899
50.8555,52.14127
50.75418,52.13891
50.65652,52.1387
50.55581,52.1381
50.45171,52.13877
50.35419,52.1377
50.25249,52.13438
50.15285,52.13255
50.05411,52.12736
49.9585,52.12877
49.73404,52.08495
49.65335,52.07047
49.58611,52.07033
71.72734,53.25644
51.23396,52.25172
51.1493,52.24619
51.07286,52.24622
50.14993,52.16478
49.95068,52.15493
49.85695,52.15026
49.75254,52.1461
49.65052,52.14518
51.22828,52.35086
51.14755,52.34557
51.06792,52.33869
51.22401,52.44813
51.14685,52.44642
51.05466,52.43841
71.71164,53.55066
51.22257,52.55067
51.14441,52.54589
51.05044,52.54208
51.21627,52.65227
51.14386,52.64648
51.04546,52.63759
51.28846,52.75379
51.2122,52.75146
51.14022,52.74541
51.04503,52.73641
71.69876,53.84929
51.28119,52.86395
51.20646,52.85066
51.13644,52.84481
51.03654,52.83884
89.26829,54.79813
71.69501,53.9484
51.27657,52.95358
51.20228,52.95055
51.13296,52.94568
51.03449,52.93977
51.2763,53.05272
51.19781,53.04912
51.12949,53.04629
51.03506,53.0383
84.9623,54.79601
51.27193,53.15411
51.1915,53.15019
51.12485,53.14622
51.02639,53.14143
84.96736,54.89696
71.77076,54.25357
51.27185,53.25202
51.18667,53.2502
51.12256,53.24481
84.95741,54.98721
51.26518,53.3529
51.18228,53.34961
51.11853,53.34481
84.96493,55.0905
76.24334,54.67476
51.26219,53.45305
51.17704,53.44875
51.11385,53.44492
84.96233,55.19649
76.24209,54.76698
51.26204,53.55323
51.1734,53.54924
51.10999,53.5462
84.95795,55.2886
76.23579,54.86451
51.25593,53.65356
51.17035,53.65012
51.10498,53.64322
84.95859,55.40133
76.23587,54.96882
51.25475,53.75618
51.16764,53.74838
51.10114,53.74454
84.95692,55.49124
76.23478,55.06743
51.25036,53.85672
51.16358,53.84856
51.09568,53.8433
76.23382,55.17031
51.25014,53.95244
51.16031,53.94934
51.09059,53.94427
76.23269,55.26813
51.2452,54.0535
51.15657,54.04878
51.08972,54.04284
76.22856,55.37206
51.24104,54.15582
51.15461,54.149
51.0864,54.14156
76.22793,55.47147
51.23649,54.25327
51.15003,54.24841
51.08213,54.24324
76.22838,55.57156
51.23523,54.35221
51.14762,54.34863
51.07689,54.34227
76.23042,55.66465
51.23056,54.45067
51.14364,54.44823
51.06805,54.44711
55.61795,54.7718
55.52888,54.76764
55.43064,54.76424
55.32375,54.76488
55.24633,54.7664
51.22665,54.55179
51.14328,54.54837
51.0638,54.54367
55.62614,54.85229
55.52757,54.8455
55.42526,54.84512
55.31393,54.85154
55.24067,54.84884
51.22136,54.65413
51.13886,54.64844
51.06177,54.63962
55.29947,54.95131
55.23834,54.94677
51.28911,54.75444
51.21566,54.75456
51.13733,54.74804
51.0563,54.73893
55.29379,55.04969
55.23366,55.04656
51.28487,54.86154
51.21112,54.85306
51.13392,54.84774
51.05694,54.84297
55.28892,55.15247
55.2159,55.1524
55.13939,55.16593
51.28272,54.96286
51.20718,54.95316
51.13147,54.94521
55.28882,55.25402
55.20736,55.24765
55.12883,55.23242
51.2814,55.05722
51.20321,55.05267
51.12751,55.04867
55.38063,55.36055
55.28442,55.35316
55.21574,55.34286
55.1398,55.33012
51.27901,55.15588
51.1976,55.15344
51.12091,55.14907
51.00604,55.15224
50.90611,55.15206
50.80905,55.14786
50.70678,55.14506
50.60919,55.14344
50.5067,55.14054
50.41001,55.13798
50.31074,55.13597
50.2092,55.13514
50.10936,55.12857
50.00886,55.12612
49.90756,55.1239
49.81201,55.12112
49.70969,55.11435
49.60668,55.11416
49.51194,55.11016
55.37644,55.45871
55.2828,55.45359
55.22111,55.44676
51.27596,55.25752
51.19294,55.25198
51.11079,55.24454
51.00423,55.23879
50.90262,55.23555
50.80194,55.23232
50.70383,55.23008
50.60444,55.22958
50.50681,55.22469
50.40707,55.22311
50.30487,55.21753
50.20201,55.21374
50.10648,55.20738
50.00436,55.20255
49.90657,55.19383
49.80581,55.18665
49.70185,55.17612
49.60618,55.16866
49.50425,55.16615
49.40813,55.15446
49.30696,55.14761
49.20772,55.14714
49.10593,55.13907
49.00315,55.13727
48.90537,55.13342
48.80412,55.13398
48.70391,55.13234
48.60442,55.13206
48.50951,55.132
48.40673,55.13026
48.30631,55.12918
48.20752,55.12747
48.10717,55.12368
48.00634,55.12208
47.90502,55.12036
47.80689,55.12005
47.70559,55.11377
47.6124,55.11137
47.50672,55.10963
47.41084,55.1057
47.3031,55.10217
55.36868,55.55635
55.28078,55.55154
55.21619,55.54673
51.2753,55.33472
51.19468,55.33215
51.10825,55.336
51.01555,55.32161
50.60038,55.28441
50.49804,55.28228
50.40014,55.27726
50.3007,55.27235
50.19588,55.26818
50.103,55.26447
50.0018,55.26305
49.89891,55.26226
49.7995,55.25711
49.70128,55.25455
49.59985,55.25174
49.50155,55.24994
49.39949,55.24609
49.29793,55.24468
49.20178,55.24822
49.10244,55.24371
49.00373,55.24092
48.89927,55.23889
48.79919,55.23795
48.7013,55.23577
48.60526,55.23306
48.49945,55.225
48.39918,55.2238
48.29475,55.21345
48.19742,55.20237
48.10283,55.19627
47.9981,55.18819
47.90136,55.17295
47.80069,55.15959
47.69865,55.15641
47.60128,55.15182
47.5012,55.14447
47.40327,55.14395
47.30579,55.13965
47.20315,55.13353
47.10456,55.12987
47.00629,55.13024
46.90454,55.13047
46.8028,55.12751
46.70451,55.12442
46.6058,55.12407
46.50304,55.12115
46.40395,55.12291
46.30353,55.12053
46.20197,55.1155
46.10121,55.11602
46.00661,55.11573
45.90432,55.11332
45.80467,55.11185
45.70733,55.1067
45.6034,55.10846
45.49813,55.10248
45.40667,55.10023
45.30316,55.09789
45.19931,55.09533
45.10311,55.09243
45.00336,55.08758
44.91053,55.08593
44.80534,55.07784
55.364,55.65339
55.2787,55.65126
55.21159,55.64534
51.1071,55.4308
48.09901,55.28435
46.70137,55.22133
46.39456,55.2065
46.29715,55.20752
46.20142,55.20214
46.09464,55.1914
45.99833,55.19627
45.8971,55.1902
45.70443,55.16895
45.60693,55.164
45.50951,55.15708
45.39727,55.15406
45.29748,55.141
45.20489,55.12901
45.10468,55.12402
45.00251,55.12256
44.89983,55.11525
44.79913,55.11171
44.70052,55.11088
44.60203,55.10817
44.50356,55.10322
44.40369,55.10434
44.30147,55.10242
44.20157,55.10301
44.10065,55.10398
44.0018,55.1081
43.90356,55.11201
43.79783,55.11345
43.7037,55.11561
43.60448,55.11776
43.50743,55.11555
55.36488,55.75702
55.27659,55.75066
55.20696,55.74405
43.80252,55.16502
43.69175,55.15099
43.59029,55.15735
43.50189,55.15107
43.399,55.15518
43.29751,55.16288
43.1965,55.1699
43.10049,55.17717
43.0022,55.18367
42.90692,55.18879
55.36127,55.85792
55.27464,55.85089
55.20151,55.84469
42.98513,55.21989
42.8921,55.2248
42.79204,55.22898
42.69256,55.23786
42.59295,55.25461
42.49896,55.26199
55.35799,55.95634
55.27289,55.94982
55.19574,55.94745
42.48288,55.30063
42.3894,55.29914
42.28836,55.31631
42.19125,55.33109
42.09933,55.34162
55.35323,56.05579
55.27151,56.05033
55.19161,56.0457
42.07297,55.38155
41.98223,55.38414
41.88683,55.39999
41.78999,55.41628
41.70137,55.42297
55.34836,56.1573
55.27052,56.15001
55.19072,56.14768
41.67375,55.46474
41.58218,55.48576
41.48657,55.50361
55.33928,56.25592
55.26867,56.25011
55.1831,56.24597
41.36895,55.55257
41.27475,55.57048
41.18369,55.59072
55.33271,56.35544
55.26641,56.35057
55.18133,56.34821
41.06784,55.6433
40.96948,55.66649
40.88177,55.67801
55.32952,56.45566
55.26509,56.45065
55.17559,56.44686
40.85992,55.72849
40.76701,55.74802
40.6741,55.75932
55.32541,56.5553
55.26312,56.54979
55.18045,56.54596
40.56279,55.82135
40.45876,55.84748
55.31842,56.65724
55.26004,56.65006
55.17411,56.64334
40.35561,55.91425
40.26133,55.93493
55.31327,56.75485
55.25668,56.75129
55.17116,56.74129
40.14384,55.99986
40.05538,56.02115
55.30851,56.854
55.25243,56.84992
55.17097,56.84513
39.94558,56.08921
39.84713,56.11669
55.30362,56.95356
55.24817,56.95027
39.74589,56.18924
39.64568,56.2211
55.30011,57.0533
55.24411,57.04906
39.53616,56.29625
55.29722,57.15397
55.24191,57.14929
39.33851,56.37621
55.2953,57.25423
55.23788,57.2483
55.12429,57.24718
55.37941,57.36443
55.2936,57.35436
55.2318,57.34839
55.10863,57.34152
39.03019,56.5584
55.37682,57.46262
55.28994,57.45422
55.22515,57.44705
55.11541,57.4417
55.37112,57.55975
55.28793,57.55324
55.21952,57.54797
55.10707,57.54005
55.36883,57.66376
55.2847,57.65337
55.21603,57.64643
55.1049,57.64178
55.36461,57.76046
55.28308,57.75322
55.21357,57.74771
55.36028,57.86067
55.28002,57.8541
55.20568,57.84827
55.1077,57.85242
55.35753,57.95944
55.27725,57.95475
55.20159,57.94746
55.35039,58.05833
55.27432,58.05448
55.19666,58.05066
55.10249,58.0451
55.34546,58.15857
55.2717,58.15366
55.18647,58.14901
55.34077,58.25881
55.26925,58.25322
55.18449,58.25103
55.1005,58.24873
55.33569,58.35694
55.26601,58.35416
55.17717,58.3532
55.09454,58.34682
55.33239,58.45752
55.2632,58.4533
55.16415,58.45374
55.09231,58.44709
55.32763,58.55898
55.26221,58.5535
55.16695,58.54844
55.32399,58.65756
55.25834,58.65361
55.1506,58.6466
55.40392,58.77018
55.3193,58.75835
55.25525,58.75243
55.14445,58.74429
55.3986,58.86193
55.3151,58.85862
55.25243,58.85199
55.14107,58.84546
55.39585,58.96403
55.31215,58.95804
55.24894,58.95243
55.13406,58.94408
55.39408,59.05754
55.3089,59.05708
55.24631,59.05265
55.1235,59.04831
55.3957,59.16091
55.30566,59.15565
55.24154,59.15234
55.12107,59.15177
55.39344,59.25915
55.30312,59.2571
55.23814,59.25059
55.12052,59.25066
55.38934,59.36138
55.30022,59.35663
55.23355,59.35366
55.11726,59.3473
55.3826,59.45931
55.29733,59.45602
55.22754,59.45209
55.12266,59.44239
55.3718,59.56451
55.29503,59.55645
55.21998,59.55058
55.36652,59.66463
55.29256,59.65672
55.21476,59.65068
55.12414,59.64125
55.36541,59.75825
55.29114,59.75628
55.20647,59.75064
55.35734,59.86164
55.2877,59.8581
55.19444,59.85235
89.25603,61.62178
84.96622,61.40122
55.35464,59.96352
55.28502,59.9563
55.19443,59.95296
89.26425,61.69989
84.96065,61.49494
55.3528,60.06303
55.282,60.05589
55.1931,60.05523
84.96018,61.60571
55.35053,60.16331
55.27927,60.15458
55.18183,60.15002
84.96137,61.70383
55.34647,60.26303
55.28093,60.2556
55.16969,60.25113
45.77138,59.82428
45.67911,59.81791
45.58355,59.80192
45.47595,59.79129
45.378,59.78283
45.27288,59.76934
45.17624,59.75825
45.07997,59.7495
44.97972,59.74115
44.87947,59.74193
44.77322,59.73579
89.24911,61.99788
76.35303,61.38353
55.34365,60.36084
55.27685,60.35674
55.16051,60.35108
46.374,59.94548
46.25454,59.9376
46.16702,59.9349
46.06581,59.91539
45.96333,59.89425
45.87512,59.88672
45.78003,59.8756
45.57641,59.86552
84.94939,61.90033
76.34338,61.47905
55.34093,60.46066
55.27476,60.45553
55.16,60.44949
46.66271,60.04296
46.55748,60.05139
46.46906,60.03801
46.36644,60.01524
46.27256,60.00048
46.16106,59.99685
46.06006,60.01472
45.96777,60.01707
45.86901,60.00661
45.56525,59.99501
76.34072,61.58879
55.41671,60.56511
55.338,60.56042
55.26994,60.55642
55.16548,60.5481
46.96643,60.1637
46.85134,60.17221
46.75856,60.15306
46.66129,60.12183
46.57001,60.11166
46.46054,60.12696
46.34855,60.12863
46.2552,60.13067
46.16577,60.11655
46.06974,60.10848
45.9654,60.09554
55.41529,60.66667
55.33389,60.65937
55.26554,60.65474
55.15876,60.64745
47.2421,60.29355
47.14304,60.27611
47.05112,60.27324
46.95525,60.24432
46.86322,60.22408
46.7562,60.23902
46.65611,60.24992
46.55161,60.23656
46.45459,60.22583
46.35969,60.21466
46.26575,60.19628
55.41122,60.76728
55.33197,60.75982
55.26139,60.75607
55.16215,60.74907
47.43949,60.39779
47.3377,60.38809
47.25216,60.37496
47.15601,60.34832
47.0598,60.34272
46.94584,60.35912
46.84601,60.35628
46.75125,60.3394
46.6484,60.32819
46.55462,60.31335
55.40434,60.86698
55.32893,60.85936
55.25658,60.8532
55.16095,60.85085
47.63323,60.50738
47.53818,60.49199
47.44369,60.47906
47.35253,60.45562
47.24734,60.46388
47.14073,60.47601
47.04208,60.45867
46.94866,60.43765
46.85769,60.43094
55.40129,60.96545
55.32364,60.95942
55.25222,60.95444
47.82534,60.62173
47.72778,60.60592
47.63867,60.59048
47.54682,60.5675
47.44325,60.56894
47.33839,60.58189
47.24133,60.56786
47.14227,60.55048
47.04215,60.53578
55.3991,61.06301
55.32121,61.05974
55.24587,61.05215
47.92455,60.71481
47.83116,60.70211
47.73966,60.68223
47.63828,60.68007
47.53055,60.68699
47.435,60.67959
47.34492,60.6586
47.24153,60.65132
55.39417,61.16456
55.31792,61.15808
55.23936,61.15302
48.11317,60.83049
48.02236,60.81519
47.93208,60.7941
47.83588,60.78665
47.73391,60.7938
47.63207,60.791
47.53587,60.76635
47.43371,60.75783
55.39177,61.2647
55.31462,61.25925
55.23304,61.25327
48.29494,60.94169
48.21266,60.92795
48.12372,60.9127
48.03193,60.89184
47.92576,60.90206
47.82345,60.89877
47.73161,60.8816
47.63874,60.8691
55.38902,61.36751
55.31274,61.35893
55.22339,61.35292
48.40106,61.04352
48.31396,61.02678
48.22482,61.00927
48.12478,61.00475
48.01497,61.00949
47.9224,60.99575
47.8272,60.9769
55.38734,61.46404
55.31012,61.45896
55.21617,61.45229
48.50635,61.1458
48.41203,61.12704
48.32322,61.10957
48.21686,61.11727
48.11572,61.11303
48.02196,61.09029
47.93228,61.07752
68.57833,62.21828
68.17844,62.19848
68.09093,62.2029
67.98446,62.18325
55.38348,61.56532
55.30785,61.55756
55.21483,61.55138
48.68464,61.26928
48.6008,61.24525
48.51145,61.22654
48.41715,61.21282
48.30445,61.22425
48.21303,61.20828
48.12299,61.19084
55.38163,61.66432
55.30669,61.65897
55.20897,61.65214
48.77718,61.368
48.69672,61.34658
48.61038,61.32621
48.50418,61.32512
48.40332,61.32915
48.31399,61.30861
48.22546,61.29212
55.37767,61.76311
55.30702,61.75934
55.20396,61.7556
48.88056,61.46865
48.79511,61.44842
48.70804,61.42809
48.59835,61.43783
48.49972,61.42846
48.41296,61.41115
55.37318,61.86319
55.30355,61.85828
55.19127,61.85369
48.97957,61.57003
48.89281,61.54977
48.80626,61.53223
48.69296,61.54063
48.59844,61.53224
48.51262,61.51334
55.44818,61.96767
55.36968,61.96265
55.30098,61.9594
55.18365,61.95381
49.07685,61.67372
48.98925,61.65381
48.90052,61.63864
48.78724,61.64702
48.69236,61.63013
48.61777,61.61269
55.44661,62.06383
55.36633,62.06223
55.29824,62.05925
55.18644,62.05338
49.1684,61.77491
49.08524,61.75605
48.99075,61.74407
48.88381,61.75031
48.79241,61.73561
55.44043,62.16867
55.36235,62.16347
55.29487,62.15742
55.17791,62.15487
49.2637,61.87999
49.18049,61.85832
49.08905,61.85031
48.97559,61.85466
48.88817,61.8376
55.43499,62.2668
55.35781,62.2617
55.28973,62.25793
55.18073,62.24821
49.35724,61.98742
49.276,61.96543
49.18014,61.9544
49.07163,61.96072
48.9857,61.9401
55.43185,62.36573
55.35332,62.36325
55.28756,62.35808
55.17354,62.34993
49.44601,62.09118
49.36819,62.07142
49.27722,62.0601
49.16693,62.06397
49.08089,62.04772
55.42534,62.46991
55.34978,62.46186
55.28027,62.45948
55.17431,62.45346
49.53691,62.20002
49.46199,62.17765
49.37727,62.16293
49.2633,62.16756
49.1736,62.1544
55.41983,62.56982
55.34695,62.56393
55.27472,62.55826
55.17579,62.55532
49.62687,62.30738
49.55039,62.28785
49.472,62.2677
49.35635,62.27213
49.27203,62.25739
49.18874,62.24236
55.41491,62.66806
55.34233,62.66273
55.26867,62.65769
55.17414,62.65881
49.63798,62.39616
49.5647,62.37406
49.45462,62.37582
49.36461,62.36331
55.4133,62.76758
55.33838,62.76296
55.26213,62.75969
55.17414,62.75734
49.72802,62.50312
49.65522,62.48281
49.55153,62.4818
49.45707,62.47065
49.36951,62.45311
55.40847,62.86817
55.33596,62.86227
55.25673,62.85854
55.16794,62.85043
49.82026,62.60682
49.7421,62.59261
49.65648,62.57716
49.54887,62.57974
49.45634,62.56485
55.40411,62.96753
55.33229,62.96188
55.24809,62.95687
49.90867,62.72249
49.82694,62.69775
49.75275,62.6848
49.63624,62.685
49.55982,62.66721
55.40344,63.06613
55.32862,63.06209
55.23643,63.05476
49.9141,62.81033
49.84227,62.79125
49.73418,62.78601
49.65025,62.77888
55.40067,63.1666
55.32774,63.1626
55.2333,63.15801
50.83867,62.93942
50.00671,62.91988
49.92864,62.90119
49.84031,62.89077
49.73537,62.88747
55.39692,63.26811
55.32388,63.26128
55.22881,63.25858
50.01005,63.01201
49.93505,62.99387
49.82468,62.99141
49.75117,62.97846
55.39364,63.36743
55.32257,63.36261
55.2235,63.36019
50.9338,63.1537
50.09439,63.12238
50.02384,63.10387
49.92395,63.09895
49.83497,63.08833
55.39084,63.466
55.3204,63.46224
55.21064,63.45851
50.17948,63.23302
50.10489,63.21529
50.02746,63.19736
49.91855,63.19686
49.83708,63.17935
55.38918,63.56623
55.31873,63.56187
55.20344,63.55844
51.01958,63.35199
50.18634,63.32302
50.11759,63.30682
50.01378,63.30038
49.9282,63.28864
55.38533,63.66653
55.31706,63.66413
55.20387,63.65978
51.08225,63.45963
50.19556,63.41677
50.11698,63.40454
50.01557,63.39961
55.38186,63.76543
55.31385,63.76353
55.20355,63.75736
51.10585,63.55982
50.27237,63.52512
50.20825,63.51165
50.10239,63.50763
50.01973,63.49924
55.37833,63.86593
55.31097,63.86081
55.19949,63.85892
51.17485,63.66652
50.28217,63.6213
50.20509,63.61051
50.10474,63.60441
55.45295,63.97549
55.37436,63.96593
55.30835,63.96064
55.19168,63.96006
51.1902,63.76712
50.36033,63.73022
50.29376,63.71619
50.19575,63.71443
50.10962,63.69737
55.44751,64.07523
55.36989,64.06563
55.30324,64.05995
55.19198,64.05215
51.19432,63.85272
50.36676,63.82982
50.29655,63.81411
50.19822,63.80927
50.10175,63.80769
55.44525,64.16463
55.36533,64.16552
55.30007,64.15907
55.18597,64.16161
51.25864,63.97063
50.45001,63.93555
50.37819,63.92329
50.28523,63.91399
50.19556,63.90615
55.44043,64.27215
55.36216,64.2644
55.29411,64.26031
55.18414,64.25171
51.27641,64.06474
50.44928,64.03264
50.38633,64.01959
50.28403,64.01611
50.18595,64.01271
55.43972,64.36918
55.3573,64.36547
55.28722,64.35947
55.17974,64.35802
51.28611,64.16637
50.4566,64.13071
50.37669,64.119
50.28893,64.1108
55.43525,64.47014
55.35434,64.46537
55.28296,64.46352
55.18628,64.45117
51.35148,64.2766
51.28242,64.26064
50.53189,64.24014
50.47082,64.22726
50.37354,64.21943
50.28,64.20841
55.43226,64.56782
55.35226,64.56546
55.27798,64.56184
55.17881,64.55688
51.35937,64.37735
51.25906,64.36639
50.53408,64.33733
50.47351,64.32501
50.3768,64.31801
50.27916,64.31227
55.42696,64.6699
55.3475,64.66587
55.27342,64.65871
51.36255,64.47113
50.54181,64.43286
50.46193,64.42583
50.37187,64.41708
55.42411,64.77021
55.34549,64.76509
55.26746,64.75953
51.42207,64.57581
51.35698,64.57132
51.25673,64.55885
50.61603,64.54871
50.55249,64.53135
50.4555,64.5234
50.36546,64.52186
55.4211,64.86884
55.3427,64.8655
55.2607,64.86289
51.43373,64.67685
51.25385,64.6634
50.61593,64.64267
50.55793,64.63
50.45958,64.6245
50.36686,64.61266
55.4164,64.97029
55.33889,64.96455
55.24273,64.95798
51.43861,64.77402
51.2435,64.76199
50.62063,64.74004
50.55142,64.72839
50.45832,64.72153
55.41206,65.06993
55.33777,65.06351
55.24014,65.05801
51.44339,64.87539
50.62605,64.83761
50.54437,64.8283
50.45318,64.82059
55.40866,65.17068
55.33584,65.16306
55.23751,65.15891
51.50326,64.97258
51.44039,64.97413
50.69589,64.9484
50.63174,64.93648
50.54356,64.92988
50.44628,64.92542
55.48413,65.27396
55.40277,65.27164
55.33343,65.26432
55.23334,65.25774
51.51003,65.08185
51.43042,65.07586
51.33179,65.06922
50.69611,65.04613
50.63487,65.03585
50.54163,65.02915
55.48339,65.37535
55.39971,65.37061
55.33054,65.36526
55.21513,65.35562
51.51682,65.18285
51.42587,65.17833
51.32523,65.17359
50.69806,65.14439
50.63214,65.13548
50.53953,65.1286
55.4821,65.47505
55.39419,65.46844
55.32845,65.4649
55.21148,65.45543
51.52467,65.27972
51.40721,65.26775
51.32499,65.28109
50.69697,65.24244
50.62411,65.23545
50.53199,65.23119
55.48095,65.57938
55.39108,65.5685
55.32717,65.56564
55.21025,65.5547
51.52929,65.38076
51.30381,65.36176
50.7014,65.34135
50.61929,65.33459
50.52596,65.32677
55.47966,65.67727
55.38597,65.66659
55.32297,65.66625
55.20008,65.66225
51.52927,65.48118
50.76875,65.44897
50.7061,65.44169
50.61747,65.43486
50.52451,65.42986
55.47548,65.77285
55.3813,65.76754
55.32013,65.76492
55.206,65.76243
50.76594,65.55055
50.70823,65.5412
50.61581,65.5358
55.46964,65.87543
55.37566,65.86826
55.31841,65.86392
55.20137,65.86144
51.56655,65.68564
50.7667,65.64747
50.70862,65.64073
50.61654,65.63364
55.47006,65.97447
55.37204,65.96768
55.31397,65.9633
55.20422,65.96236
51.56892,65.78386
50.76345,65.74296
50.70626,65.74036
50.61461,65.73361
55.47084,66.07468
55.36842,66.0679
55.30762,66.06241
51.48845,65.87559
50.7615,65.84486
50.701,65.839
50.61032,65.83295
55.46484,66.17236
55.36426,66.16695
55.3055,66.16438
55.19749,66.16302
50.76038,65.9445
50.69524,65.93868
50.6045,65.93377
55.46088,66.27379
55.36283,66.26785
55.30143,66.26253
50.7564,66.0449
50.69056,66.03984
50.60297,66.03101
55.4566,66.37328
55.36145,66.36819
55.2955,66.36475
50.7537,66.14601
50.68419,66.13884
50.59597,66.13418
55.45533,66.47492
55.35704,66.46759
55.28632,66.46185
50.75123,66.24368
50.67859,66.23929
50.59522,66.2326
55.45011,66.5738
55.35499,66.56708
55.28081,66.56371
50.75005,66.3427
50.67457,66.33863
50.58683,66.33032
55.44028,66.67469
55.35395,66.66714
55.2706,66.66415
50.74992,66.44425
50.66928,66.43935
55.43113,66.77312
55.35086,66.76727
55.26333,66.75993
50.74783,66.54469
50.66533,66.54242
55.50557,66.87901
55.42307,66.87301
55.34871,66.86668
55.25161,66.86246
50.81263,66.65527
50.74652,66.64445
50.66163,66.64
55.50306,66.98273
55.41441,66.97083
55.34544,66.96678
55.24894,66.95929
50.80617,66.75764
50.74405,66.74314
50.6581,66.73888
55.50167,67.08108
55.41114,67.0715
55.34277,67.06708
55.23099,67.05818
50.80519,66.84961
50.74401,66.84381
50.65234,66.83881
55.50241,67.18003
55.40804,67.17212
55.34052,67.1669
55.22515,67.15773
50.80084,66.94704
50.74037,66.94411
50.64969,66.93552
55.49863,67.2771
55.40423,67.27251
55.33752,67.26648
55.2289,67.26552
50.79603,67.04866
50.73732,67.04462
50.64666,67.03989
55.50145,67.37498
55.40216,67.37302
55.33568,67.36691
55.2243,67.36366
50.79073,67.14933
50.73472,67.14342
50.63877,67.14184
55.49931,67.47716
55.39941,67.47063
55.33522,67.4666
55.23133,67.46031
50.78918,67.24767
50.73151,67.24337
50.63737,67.23856
55.49734,67.57748
55.3959,67.57236
55.33208,67.56634
55.23244,67.55866
50.78672,67.34563
50.72877,67.34422
50.63523,67.33925
55.49561,67.67534
55.39306,67.67105
55.33078,67.66663
55.22528,67.65733
50.78202,67.44959
50.7243,67.44296
50.63069,67.43723
55.49043,67.77821
55.39088,67.77129
55.3267,67.76752
55.22453,67.76276
50.77818,67.54812
50.71921,67.54239
50.62767,67.53362
55.48793,67.87746
55.38747,67.86966
55.32344,67.86603
50.77645,67.64584
50.714,67.64246
50.62082,67.63923
73.78229,68.86409
55.47942,67.97639
55.38438,67.97003
55.31619,67.96758
50.77459,67.74639
50.71005,67.74319
50.61715,67.7375
73.78277,68.97168
55.46432,68.07536
55.38088,68.07056
55.31275,68.06445
50.77132,67.8456
50.70596,67.84419
50.60063,67.83602
73.77667,69.07888
55.46194,68.17273
55.37854,68.17067
55.30333,68.16496
50.76953,67.9479
50.70077,67.94206
50.59923,67.93711
73.76544,69.16557
55.45719,68.2778
55.37757,68.27039
55.29183,68.26422
50.76884,68.04697
50.69347,68.04275
55.45033,68.3737
55.37199,68.36918
55.28129,68.36736
50.76658,68.14698
50.68914,68.14179
55.44015,68.47561
55.36944,68.4696
55.27155,68.46947
55.18555,68.47068
50.76495,68.24706
50.68562,68.24235
55.43672,68.57589
55.36607,68.57055
55.26961,68.56408
55.17407,68.56255
50.82977,68.35299
50.764,68.34623
50.68174,68.34434
55.43183,68.67543
55.36476,68.6709
55.25576,68.66477
55.16912,68.6673
50.82602,68.45576
50.7612,68.44717
50.67566,68.44229
55.42705,68.77411
55.36133,68.77126
55.2502,68.76351
55.16598,68.75765
50.81782,68.55976
50.75885,68.54673
50.67587,68.54107
55.42377,68.87528
55.35688,68.87038
55.24368,68.86453
55.15989,68.85557
50.81672,68.64993
50.75568,68.64444
50.67256,68.64203
73.79668,69.86824
55.42133,68.97437
55.35591,68.96973
55.24176,68.96724
55.16155,68.95951
50.81229,68.75498
50.7523,68.74596
50.66596,68.74034
73.78847,69.97243
55.41873,69.07413
55.35373,69.07059
55.23558,69.06378
55.15088,69.04515
50.80834,68.85505
50.74873,68.84701
50.65798,68.83994
73.79208,70.07244
55.41484,69.17438
55.35223,69.16902
55.2331,69.16669
55.14838,69.15434
50.80569,68.95354
50.74739,68.94666
50.65911,68.94279
73.78606,70.16881
55.41267,69.27364
55.34874,69.26939
55.22278,69.26164
55.14652,69.26237
50.80218,69.05119
50.74356,69.0468
50.64891,69.03754
73.78791,70.26923
55.40962,69.37312
55.34616,69.36876
55.22502,69.36919
55.14648,69.3568
50.79912,69.1521
50.74226,69.14554
50.64518,69.14073
73.78355,70.36646
55.47705,69.48263
55.40653,69.47395
55.34196,69.46794
55.21373,69.45856
55.136,69.46169
50.79634,69.25006
50.73707,69.24633
50.63729,69.24034
73.7832,70.46713
55.47348,69.57985
55.40231,69.57347
55.33934,69.56719
55.21042,69.56428
50.79397,69.34964
50.73421,69.3452
50.63239,69.34593
73.78339,70.55901
55.4709,69.68018
55.39849,69.67372
55.33419,69.6696
55.19896,69.66436
50.78886,69.45063
50.72941,69.44528
50.63197,69.44339
73.78291,70.66734
55.46912,69.77515
55.39596,69.77483
55.32888,69.76959
55.20361,69.77054
50.78849,69.55138
50.7262,69.54457
50.63038,69.53685
73.78654,70.76908
55.46795,69.87807
55.39368,69.87443
55.32534,69.86641
55.19365,69.86008
50.78543,69.64944
50.71889,69.64464
50.62773,69.63441
73.78214,70.87725
55.46503,69.97697
55.38935,69.97376
55.31538,69.96455
55.18994,69.96545
50.78284,69.75079
50.71534,69.74329
73.77805,70.9654
55.46015,70.07915
55.38829,70.07388
55.30732,70.06924
55.17932,70.06659
50.77997,69.85071
50.71147,69.84449
50.62317,69.83643
73.77458,71.0584
55.45768,70.17651
55.38581,70.17249
55.29674,70.16908
55.16939,70.15977
50.77736,69.94978
50.70493,69.94377
73.77924,71.16238
55.45524,70.2781
55.38331,70.2718
55.29034,70.2658
55.17522,70.2635
50.84835,70.05168
50.7753,70.0493
50.69977,70.04324
73.76955,71.26328
55.45102,70.3777
55.38136,70.3724
55.28243,70.36785
55.16306,70.36317
50.84514,70.1602
50.77215,70.14931
50.69458,70.14506
73.8193,71.36496
73.77654,71.37709
55.44844,70.47929
55.37979,70.47295
55.27672,70.46652
55.1638,70.46223
50.83788,70.26067
50.76876,70.24893
50.6903,70.24533
73.76785,71.46954
55.44168,70.57776
55.37632,70.5733
55.26443,70.5627
55.16182,70.55324
50.83347,70.35706
50.76838,70.34869
50.68524,70.34414
73.92424,71.57166
73.81879,71.58046
73.76613,71.56896
55.43813,70.6771
55.3727,70.67297
55.26061,70.66678
55.16146,70.65823
50.82966,70.45538
50.76592,70.44871
50.67879,70.44448
73.92174,71.67784
73.81332,71.66925
55.43465,70.77562
55.36924,70.77277
55.24742,70.77219
55.16421,70.76053
50.82332,70.55582
50.76295,70.54844
50.6752,70.54376
73.93341,71.76759
73.7975,71.77864
67.93179,71.48442
55.51447,70.88135
55.43048,70.87737
55.3669,70.872
55.24731,70.85975
55.15592,70.85861
50.82108,70.65482
50.75987,70.649
50.67239,70.64127
73.91677,71.8726
73.79829,71.86354
67.93481,71.58434
55.51295,70.98432
55.42736,70.97629
55.36478,70.97129
55.24876,70.9625
50.81673,70.75516
50.75859,70.7486
50.66251,70.74277
73.91417,71.97495
73.79716,71.96856
67.93237,71.68734
55.51041,71.07836
55.42408,71.07558
55.36116,71.07293
55.23863,71.06568
54.04511,71.0114
50.81601,70.85146
50.75587,70.84892
50.66555,70.83849
73.91653,72.07542
73.79673,72.06599
67.93476,71.78373
55.50911,71.18522
55.42113,71.1757
55.3575,71.17453
55.23746,71.16057
50.81329,70.95442
50.75046,70.94843
50.66193,70.93739
73.91724,72.17262
73.79737,72.1745
67.92702,71.88623
55.50368,71.28288
55.41785,71.27676
55.35411,71.27077
55.23015,71.27045
50.8103,71.05269
50.74857,71.04769
50.65703,71.04182
73.78857,72.26971
67.92594,71.98722
55.49907,71.38252
55.4144,71.37652
55.35044,71.37148
55.2238,71.37106
53.90784,71.2915
50.80921,71.15194
50.74519,71.14941
50.65035,71.14255
73.78957,72.37801
67.97847,72.09401
67.92352,72.08717
55.49701,71.48257
55.4125,71.47586
55.34519,71.47226
55.22423,71.46617
53.82259,71.40245
50.80453,71.2515
50.74106,71.24852
50.64083,71.24169
73.78593,72.47009
68.69688,72.21564
68.59777,72.21273
68.49359,72.21134
68.40335,72.20869
68.3048,72.21011
68.19492,72.20808
68.09203,72.20381
67.98816,72.19337
67.92422,72.17612
55.49236,71.58048
55.40844,71.57581
55.34125,71.57574
55.21965,71.56224
50.80044,71.3526
50.73597,71.34646
50.64609,71.34184
73.88489,72.59354
73.79066,72.57486
55.48927,71.68206
55.40553,71.67506
55.33635,71.67442
55.21736,71.6706
53.72153,71.59756
50.79885,71.45226
50.73144,71.44792
50.64815,71.44156
73.88284,72.66862
73.77616,72.67053
73.69781,72.6604
55.48634,71.78061
55.40422,71.77501
55.33064,71.77203
55.21238,71.77219
50.79678,71.55287
50.72711,71.5486
73.88496,72.77647
73.77515,72.77412
73.68468,72.76075
55.48203,71.88291
55.40071,71.8747
55.32984,71.8709
55.20457,71.86683
53.59648,71.7858
50.79331,71.65124
50.72214,71.64897
73.87337,72.87818
73.77583,72.8695
73.68298,72.85992
55.47682,71.98247
55.39874,71.97581
55.3195,71.97476
55.20733,71.964
53.50809,71.88768
51.60927,71.79935
50.79208,71.75237
50.71794,71.74738
73.87866,72.97794
73.76872,72.97494
73.6764,72.96364
55.47337,72.08146
55.39596,72.07701
55.30803,72.06865
55.19806,72.063
53.47651,71.9743
51.60753,71.8932
50.8596,71.86217
50.78938,71.85238
50.71391,71.84769
73.87376,73.077
73.77299,73.07333
73.66892,73.07323
55.4646,72.1809
55.39378,72.17673
55.30425,72.16898
55.19124,72.16048
53.39449,72.08681
51.60723,71.99197
50.85611,71.95949
50.78699,71.95117
50.70692,71.94637
73.84785,73.17474
73.76296,73.18198
73.66912,73.16692
55.46182,72.27904
55.39083,72.27669
55.28655,72.2708
55.19632,72.26239
53.29961,72.18886
51.59587,72.08862
50.85204,72.05119
50.78467,72.05148
50.70333,72.04634
73.76205,73.26952
55.45641,72.38107
55.38858,72.37615
55.27635,72.3655
55.19416,72.36487
53.26713,72.26163
51.59272,72.19527
50.84594,72.16054
50.78072,72.152
50.69674,72.14758
73.75504,73.36775
55.45032,72.48061
55.38424,72.4743
55.27389,72.47316
55.19174,72.46279
53.16227,72.37584
51.58209,72.29388
50.84324,72.2555
50.77901,72.25173
50.69417,72.25008
73.8223,73.47598
73.75154,73.46416
55.52764,72.59083
55.44567,72.57931
55.38121,72.57626
55.27346,72.57096
51.58787,72.39337
50.83823,72.36028
50.77673,72.35033
50.69103,72.34666
73.81321,73.57471
73.75854,73.55989
55.52473,72.68508
55.44029,72.68062
55.37796,72.67421
55.25736,72.67397
53.06505,72.56097
51.5755,72.49038
50.83587,72.4559
50.77307,72.45174
50.68637,72.44576
73.81631,73.67742
73.76525,73.66924
55.52319,72.78565
55.43838,72.7806
55.37472,72.77507
55.25388,72.76943
52.95454,72.66183
51.63256,72.60415
51.57557,72.59242
50.83298,72.55558
50.77092,72.55161
50.68607,72.54598
73.81538,73.76651
73.76102,73.77148
55.51997,72.88012
55.4338,72.87988
55.3726,72.87488
55.25027,72.85957
52.85857,72.74969
51.63,72.69685
50.83068,72.65681
50.76717,72.6512
50.67774,72.64341
73.80408,73.87154
55.51572,72.9839
55.43085,72.97934
55.36937,72.97625
55.24324,72.96725
52.83444,72.84396
52.76383,72.8567
51.62976,72.79729
50.82572,72.75329
50.76315,72.7515
50.67142,72.74625
73.79583,73.96878
73.75706,73.96408
55.5148,73.08819
55.42989,73.07851
55.36498,73.07649
55.24595,73.06411
52.74762,72.94841
51.62506,72.89626
50.8244,72.85551
50.7595,72.85023
50.66551,72.84674
73.79411,74.07655
55.50943,73.18264
55.42661,73.18008
55.36156,73.17574
55.23529,73.16545
52.63348,73.04315
51.62821,72.99232
50.82022,72.95553
50.75695,72.95176
50.66077,72.94904
73.79819,74.16572
55.50409,73.28513
55.42171,73.27985
55.35697,73.27281
55.23342,73.27573
51.62933,73.09247
50.8166,73.05701
50.75105,73.05065
50.64964,73.04626
73.79656,74.27968
55.49917,73.3873
55.42074,73.37894
55.353,73.37301
55.23252,73.37473
52.53252,73.2274
52.44599,73.23544
51.62158,73.1919
50.81153,73.15376
50.74567,73.15009
50.65877,73.14492
73.8952,74.37067
73.78974,74.37295
55.49329,73.48852
55.41624,73.47906
55.34889,73.47312
52.42865,73.31435
51.62745,73.29236
50.80839,73.25578
50.74383,73.24929
50.65128,73.24582
73.9002,74.47199
73.78891,74.47554
55.49147,73.58491
55.41397,73.57897
55.34282,73.57293
55.21035,73.56245
52.30071,73.41673
52.25616,73.43407
51.62095,73.3959
50.80488,73.35472
50.73757,73.35036
50.64803,73.33855
73.89266,74.58023
73.79279,74.56759
55.48395,73.68507
55.4113,73.67914
55.33665,73.67442
55.21597,73.6717
52.2154,73.53094
52.12601,73.54986
51.61942,73.49323
50.80293,73.45512
50.73362,73.45074
50.63719,73.44541
73.88544,74.67572
73.78741,74.67438
55.48233,73.78492
55.41002,73.77854
55.32731,73.77129
55.20001,73.77062
52.20791,73.60418
52.11305,73.60502
51.61591,73.59226
50.8001,73.55407
50.72947,73.55197
73.87498,74.77893
73.78452,74.77077
55.47841,73.88426
55.40771,73.8796
55.32343,73.87226
51.9867,73.72357
51.93766,73.73513
51.60838,73.68996
50.79748,73.65553
50.72547,73.64944
73.88127,74.87868
73.78583,74.87048
55.47287,73.98499
55.40477,73.97901
55.31277,73.97685
51.91539,73.80328
51.60944,73.79292
50.86911,73.76143
50.79654,73.75433
50.7212,73.75162
73.87696,74.9783
73.78697,74.97272
55.4686,74.08286
55.40108,74.07928
55.30533,74.07346
51.87264,73.89425
51.78762,73.89845
51.70391,73.91249
51.61475,73.89418
50.86803,73.86212
50.79235,73.85526
50.71698,73.8512
73.86747,75.07917
73.78349,75.07066
55.46512,74.18348
55.39945,74.1791
55.29773,74.17416
51.67939,74.00024
51.61317,74.00485
50.86152,73.96028
50.79027,73.95416
50.71305,73.95154
73.86457,75.18295
73.77961,75.17312
55.46018,74.28255
55.39635,74.27957
55.28997,74.2747
51.66203,74.08982
51.59377,74.08384
51.50098,74.10019
50.85731,74.0607
50.78696,74.0543
50.70914,74.04982
73.85178,75.28099
73.77864,75.26559
55.45715,74.38322
55.39381,74.37733
55.28637,74.37519
51.59464,74.18937
51.4763,74.18448
51.40121,74.20541
50.85039,74.15862
50.78218,74.15472
50.69973,74.14903
73.92609,75.38892
73.84752,75.38551
73.7729,75.37556
55.45144,74.48461
55.39008,74.47816
55.27674,74.47107
51.59148,74.29409
51.47123,74.28232
51.37969,74.27399
51.29618,74.30387
50.84965,74.25988
50.78101,74.25429
50.70081,74.24932
73.93154,75.48414
73.84917,75.48299
73.77049,75.45684
55.44976,74.58257
55.38681,74.57743
55.26743,74.57279
51.58754,74.38969
51.27054,74.36176
51.18524,74.39062
50.84262,74.35864
50.77828,74.35476
50.69931,74.34811
74.04282,75.57269
73.92809,75.57724
73.84618,75.57454
55.44563,74.68237
55.3835,74.67835
55.26928,74.6749
51.16086,74.456
51.07965,74.47927
50.84244,74.45945
50.77711,74.45411
50.6938,74.4481
73.90842,75.68838
73.84214,75.6805
55.44153,74.78305
55.37984,74.77868
55.25823,74.77583
51.57565,74.59139
51.04802,74.55167
50.96041,74.57285
50.8394,74.55991
50.77158,74.55509
50.68725,74.54865
73.90683,75.78126
73.83382,75.77615
55.43771,74.88295
55.37736,74.87843
55.26043,74.87254
50.83986,74.66013
50.76995,74.65585
50.68756,74.64854
73.9052,75.87827
73.83173,75.88566
55.43584,74.98232
55.37456,74.97638
55.26091,74.97403
51.57272,74.79473
50.83189,74.75819
50.76437,74.75264
50.67358,74.75911
73.90311,75.96861
73.83107,75.97729
55.43056,75.08203
55.36945,75.07674
55.2508,75.06448
51.62684,74.89959
50.8264,74.86137
50.76135,74.85277
50.65835,74.84153
50.55967,74.85647
73.89677,76.07828
73.81717,76.07635
55.49846,75.18929
55.42885,75.18147
55.3675,75.17771
51.62636,74.99678
50.82455,74.95985
50.75782,74.95504
50.6719,74.94663
50.53096,74.92354
50.44509,74.93668
50.35947,74.96015
73.89817,76.17387
73.81477,76.17656
55.49519,75.29259
55.42664,75.28204
55.36203,75.27346
51.62291,75.09588
50.82053,75.05814
50.75203,75.05379
50.67229,75.048
50.43485,75.01169
50.34126,75.02367
50.25326,75.04223
73.89083,76.27356
73.80524,76.27953
55.49063,75.38812
55.42263,75.38195
55.35518,75.37753
51.61652,75.19221
50.81778,75.15955
50.74765,75.15334
50.22559,75.10135
50.1344,75.13094
73.89131,76.37467
73.79967,76.37537
55.48615,75.48753
55.42037,75.48164
55.35314,75.47726
51.61624,75.29609
50.81475,75.25832
50.74397,75.25352
50.02502,75.20758
49.93446,75.23075
73.88632,76.48054
73.80177,76.47304
55.48343,75.58768
55.41903,75.58125
55.35137,75.57706
51.6117,75.39666
50.81273,75.35651
50.73943,75.35198
49.91959,75.29842
49.83092,75.31237
49.74237,75.32987
73.8836,76.58789
73.79655,76.57639
55.48202,75.6847
55.41444,75.68175
55.34487,75.675
51.6062,75.49659
50.81063,75.45665
50.73652,75.4533
49.71513,75.38824
49.62721,75.41314
73.88392,76.68036
73.79894,76.67896
55.47856,75.78609
55.41235,75.78114
55.34076,75.78036
51.60498,75.59632
50.88415,75.5641
50.80549,75.55786
50.73096,75.55219
49.60513,75.47704
49.51001,75.48026
49.42637,75.50986
73.88441,76.78762
55.47603,75.88461
55.41019,75.88059
55.33107,75.881
51.60476,75.69424
50.87568,75.66339
50.80436,75.65826
50.72438,75.65372
49.40012,75.56893
49.30753,75.58238
49.22804,75.59966
55.47182,75.9877
55.40833,75.98138
55.31833,75.97351
51.60188,75.79822
50.87186,75.76516
50.8011,75.75771
50.72137,75.7542
49.1969,75.66127
49.10936,75.67353
49.02168,75.6925
55.46823,76.08692
55.40651,76.08143
55.30693,76.076
51.60112,75.89484
50.86605,75.8655
50.79744,75.85766
50.7181,75.85109
48.99989,75.75346
48.9084,75.76486
48.81547,75.78005
55.46384,76.18644
55.40402,76.18207
55.30717,76.17612
51.60244,75.996
50.86164,75.96095
50.79467,75.9575
50.71087,75.95042
48.7991,75.84495
48.70041,75.85627
48.60439,75.86987
55.46154,76.28703
55.40175,76.27983
55.29099,76.27924
51.59789,76.09857
50.85688,76.06405
50.79238,76.05686
50.70752,76.04908
48.5887,75.93559
48.4888,75.93621
55.45692,76.38482
55.39581,76.38129
51.60085,76.19887
50.85643,76.16041
50.78942,76.15683
50.70415,76.15333
33.88211,75.33057
55.45077,76.4826
55.3952,76.48135
51.59892,76.29469
50.85375,76.26172
50.78775,76.25652
50.69906,76.25161
33.88022,75.43623
55.4492,76.58469
55.39212,76.58115
55.2813,76.57727
51.59851,76.39101
50.84871,76.36591
50.78475,76.35612
50.69246,76.35259
33.88121,75.53086
55.44721,76.68538
55.38757,76.67971
50.84773,76.46315
50.78139,76.45679
50.69302,76.45091
33.87717,75.63462
73.82535,77.67477
55.5358,76.79242
55.44348,76.78484
55.38563,76.77978
55.27714,76.78217
50.84207,76.56316
50.77879,76.55622
50.68521,76.55338
33.88167,75.73309
73.82526,77.78159
55.54326,76.90167
55.43944,76.88487
55.38028,76.87813
50.83997,76.66031
50.77442,76.65622
50.68066,76.65237
33.87436,75.82787
73.81374,77.88206
55.82395,76.9988
55.75065,77.00783
55.64989,77.00658
55.54705,77.00203
55.44094,76.98589
55.37316,76.97688
51.63184,76.80486
50.83804,76.76263
50.77266,76.75587
50.68107,76.74964
33.8752,75.9259
74.1218,77.99552
55.74477,77.06706
55.64958,77.0657
55.53767,77.06779
55.43567,77.07577
55.37421,77.0711
51.63297,76.90533
50.8319,76.86173
50.76752,76.85771
50.66936,76.84813
33.87491,76.02908
73.81576,78.07574
55.42952,77.17808
55.37109,77.16329
51.63064,76.99979
50.8305,76.9607
50.76299,76.95697
50.66344,76.95718
33.87486,76.13432
74.11716,78.19057
73.80795,78.171
55.44024,77.25977
51.62986,77.09875
50.82858,77.05018
50.7509,77.04837
50.64504,77.0422
50.54096,77.03905
50.44109,77.0378
50.34075,77.03773
50.24232,77.03835
50.14267,77.03593
50.04181,77.03329
49.94359,77.03413
49.84332,77.03029
49.74518,77.02955
49.64297,77.02694
49.5409,77.0227
49.44744,77.01903
49.3472,77.01771
49.24636,77.01571
49.14816,77.01173
49.04707,77.00739
48.94861,77.00332
48.8444,76.99931
33.86838,76.23566
73.89634,78.28715
73.81311,78.27828
51.62264,77.20386
50.83599,77.15764
50.74217,77.15536
49.73711,77.07107
49.637,77.06971
49.54069,77.06777
49.44282,77.06142
49.34174,77.05949
49.24047,77.05866
49.14214,77.05676
49.04042,77.05772
48.93972,77.05514
48.8402,77.05132
48.74031,77.04778
48.641,77.04842
48.54327,77.04543
48.44162,77.04818
48.34187,77.04548
48.23751,77.0424
48.13818,77.04107
48.03791,77.03886
47.94021,77.03886
47.84129,77.03767
47.74463,77.03075
47.64141,77.03118
47.54444,77.02889
47.43628,77.01973
47.33906,77.02137
47.23752,77.01443
47.13574,77.01059
33.86692,76.33694
74.11085,78.37355
73.89335,78.37699
51.62654,77.30131
50.82556,77.24834
50.7405,77.25861
48.23297,77.10167
48.13423,77.09724
48.03692,77.0958
47.94201,77.09673
47.83863,77.08866
47.73711,77.08645
47.63521,77.07885
47.53491,77.07633
47.43848,77.06844
47.33571,77.06437
47.23841,77.06352
47.13562,77.05515
47.03751,77.05704
46.94023,77.053
46.84164,77.05315
46.74083,77.04846
46.6422,77.04849
46.54268,77.04739
46.4418,77.04318
46.34183,77.04063
46.2366,77.04282
46.13166,77.0388
46.0344,77.03887
45.93959,77.03659
45.83875,77.03378
45.7419,77.03088
45.63419,77.02907
45.53572,77.02687
45.44335,77.02171
45.3437,77.02059
45.23761,77.01051
45.14241,77.00608
45.0446,77.00566
44.93845,77.00555
44.8335,77.0024
33.86612,76.43243
74.11189,78.51083
73.88563,78.47792
55.20009,77.56971
51.62203,77.40127
50.72919,77.34828
45.73977,77.08038
45.63103,77.07698
45.53583,77.06832
45.433,77.06594
45.34001,77.06191
45.23253,77.06146
45.13372,77.05768
45.03277,77.05424
44.93515,77.05634
44.83109,77.05247
44.73826,77.05291
44.636,77.04922
44.53593,77.04584
44.43537,77.04346
44.33075,77.0444
44.23679,77.04129
44.13195,77.03552
44.0448,77.03843
43.93284,77.03792
43.83585,77.02979
43.73544,77.03085
43.63693,77.02338
43.53158,77.01969
43.43977,77.01558
43.33244,77.00739
43.24105,77.00575
43.13644,77.00322
43.03366,77.00404
42.93994,76.99762
42.83051,76.99476
42.74183,76.99343
42.63435,76.99029
42.42579,76.97867
33.91164,76.53028
33.85921,76.53378
73.89063,78.57645
55.20024,77.67522
51.61955,77.49805
43.63729,77.06965
43.53237,77.06764
43.44175,77.06502
43.33127,77.06474
43.23851,77.06361
43.12789,77.06367
43.03039,77.06175
42.93284,77.05967
42.83099,77.05529
42.73156,77.05767
42.63283,77.05181
42.53494,77.05148
42.43343,77.05112
42.33383,77.04478
42.23471,77.04593
42.13656,77.03993
42.03035,77.04263
41.93485,77.03415
41.83437,77.02297
41.72886,77.02345
41.63585,77.02168
41.53361,77.01533
41.43893,77.00494
41.33482,76.9991
41.23571,77.00053
41.12861,76.99375
41.04061,76.999
40.93438,76.9966
40.83356,76.98588
40.73299,76.98603
33.9115,76.63626
33.85862,76.63065
74.10054,78.69552
73.88959,78.69248
55.20495,77.77065
51.6119,77.59381
41.6279,77.07399
41.53405,77.06913
41.43024,77.07407
41.32807,77.06666
41.22784,77.06982
41.12619,77.06453
41.02395,77.06255
40.93179,77.06441
40.82819,77.06185
40.72363,77.05751
40.62494,77.05693
40.52887,77.05801
40.42633,77.05617
40.33163,77.0543
40.22847,77.05204
40.13302,77.04858
40.035,77.05154
39.92867,77.04688
39.83522,77.04747
39.73303,77.03434
39.63318,77.02406
39.52743,77.02147
39.43006,77.00771
39.23689,76.99762
33.90675,76.7332
33.85938,76.7347
73.88052,78.78103
55.20623,77.87
51.60748,77.7003
39.03407,77.06759
38.92582,77.06297
38.83059,77.06547
38.72742,77.06329
38.62852,77.06507
33.90278,76.83481
33.8519,76.83376
74.09766,78.88116
73.88566,78.8811
55.20744,77.97447
51.60656,77.80277
33.90233,76.93562
33.84742,76.93458
74.07712,79.00965
73.87791,78.98393
55.40063,78.09144
55.28962,78.08697
55.21046,78.07541
51.60652,77.89893
33.89638,77.04148
33.84645,77.03479
73.88363,79.08115
55.28476,78.17816
55.2072,78.17625
51.60279,77.99667
33.89354,77.13897
33.84548,77.13294
74.13876,79.20405
73.87621,79.18575
55.38626,78.28238
55.28543,78.27588
55.20341,78.27608
51.59945,78.09773
33.8916,77.23574
33.83452,77.23741
30.52509,77.06556
73.87521,79.28126
55.38243,78.38672
55.27758,78.37581
55.20116,78.37691
51.5926,78.19775
51.49862,78.21051
33.88918,77.33714
33.83886,77.33285
30.5217,77.17193
74.14134,79.40237
74.07711,79.39563
73.86644,79.38927
55.36451,78.49083
55.27449,78.47618
55.20147,78.47507
51.65212,78.30486
51.59446,78.29876
51.48043,78.27871
51.3897,78.28304
33.88609,77.43502
33.82839,77.43977
30.51846,77.27271
73.86771,79.48306
55.26561,78.58159
55.20267,78.5719
51.64758,78.40385
51.59381,78.40066
33.88389,77.53959
33.82742,77.52657
30.56982,77.38486
30.51969,77.37508
74.13776,79.58747
73.86645,79.57239
55.25266,78.67604
55.19588,78.67217
51.64671,78.5085
51.58681,78.49727
51.48444,78.49916
33.87974,77.63512
33.80947,77.63873
30.56655,77.48035
30.5192,77.46725
74.14257,79.71014
73.85916,79.68156
55.45537,78.79577
55.36474,78.79124
55.25315,78.77018
55.19579,78.77279
51.63767,78.60648
51.58635,78.59698
51.46843,78.58338
51.37291,78.5862
33.56882,77.70456
33.51076,77.72565
30.56397,77.57817
30.51933,77.57753
30.1803,77.57619
73.91949,79.7802
73.86545,79.78086
55.24324,78.88354
55.19024,78.87706
51.63617,78.70306
51.57787,78.70089
30.18662,77.66914
74.13384,79.90227
73.91368,79.89161
73.85736,79.89008
55.35123,78.98088
55.24255,78.98402
51.64036,78.80162
51.57135,78.79301
51.46453,78.79028
30.18927,77.76442
73.90759,79.98261
55.35254,79.08027
55.24185,79.08096
51.63143,78.89856
51.56589,78.90064
51.45081,78.89423
30.19288,77.86089
74.11866,80.09898
73.90427,80.09016
55.34587,79.17914
55.23396,79.17431
51.63351,79.00156
51.55805,79.00041
51.45905,78.99714
30.1856,77.96435
73.90022,80.18806
55.2313,79.27647
51.63445,79.10297
51.54826,79.09328
30.23678,78.0692
30.1825,78.05809
74.12178,80.28381
55.22626,79.37139
51.63472,79.20177
30.22991,78.17011
30.18022,78.1674
74.10855,80.41116
55.22017,79.48019
51.62768,79.30384
51.53406,79.30389
51.44748,79.2949
30.22741,78.26642
30.17633,78.26004
55.22027,79.5823
51.62578,79.40518
51.52544,79.3959
30.22989,78.36816
30.17093,78.36797
74.10881,80.60287
55.32791,79.67571
55.2173,79.67928
51.62287,79.49943
51.53433,79.4968
30.22293,78.46925
30.16323,78.45332
55.40947,79.78735
55.31969,79.77859
55.21792,79.77686
51.61917,79.59903
51.53241,79.60223
30.21973,78.56522
30.15988,78.56219
74.10551,80.79154
55.39996,79.88454
55.30487,79.87992
55.21658,79.87397
51.61996,79.70263
51.51825,79.69127
30.21726,78.65997
55.39884,79.97312
55.30238,79.97505
55.21344,79.97674
51.62421,79.79816
30.53402,78.78008
55.39136,80.08336
55.2962,80.0829
55.21025,80.07545
51.67804,79.90737
51.62423,79.89384
30.5357,78.86517
55.2846,80.17973
55.20594,80.17726
51.67416,80.00257
30.5326,78.96899
55.27845,80.28112
55.20294,80.27729
51.67154,80.10558
30.53552,79.06342
55.27151,80.38138
55.19855,80.37596
51.67159,80.20063
30.58235,79.17315
30.52372,79.17309
55.26514,80.47784
55.19938,80.47552
51.6678,80.30413
30.58034,79.27143
30.52877,79.26362
73.84833,81.47995
55.25514,80.58665
55.19459,80.57268
51.66699,80.40228
30.57528,79.37307
30.51683,79.37281
73.84715,81.59268
55.2555,80.67796
55.19472,80.67516
51.66359,80.5058
30.57358,79.47688
30.51332,79.46317
73.85014,81.674
71.65444,81.59921
67.94601,81.41258
67.85497,81.40732
55.24659,80.78281
55.19417,80.77503
51.66088,80.6061
30.56964,79.57391
30.50691,79.57588
73.84799,81.78603
71.93783,81.70014
67.92273,81.49703
67.85775,81.49692
55.24124,80.878
55.19009,80.8731
51.66393,80.70218
30.56924,79.67107
30.51081,79.66943
73.90002,81.89194
73.83992,81.88051
71.94093,81.78962
71.84589,81.78786
67.91563,81.59431
67.85307,81.59286
55.23182,80.97438
51.66161,80.79953
30.56238,79.77463
30.49953,79.77033
73.9,81.98543
73.83964,81.98409
71.93446,81.89198
71.85023,81.88931
67.91165,81.69404
67.84953,81.69226
55.23229,81.08041
51.66597,80.90695
30.56527,79.87704
73.89598,82.09646
73.83009,82.08823
71.92992,81.9912
71.84431,81.98093
67.91032,81.79693
67.84703,81.79401
59.94158,81.4334
59.84498,81.43008
59.73621,81.4296
59.32441,81.40075
55.22788,81.17969
30.56058,79.98141
30.48383,79.97536
73.89388,82.19654
73.82214,82.18699
71.92835,82.09151
67.90789,81.89725
67.8455,81.89424
60.02331,81.49419
59.93226,81.49427
59.83966,81.48716
59.73629,81.48739
59.6361,81.486
59.53582,81.48218
59.437,81.48251
59.32194,81.48499
59.25558,81.47914
55.21891,81.27694
30.55782,80.08546
73.89003,82.29215
73.82207,82.28668
67.90525,81.99774
67.84169,81.99348
59.31347,81.57712
59.25341,81.57484
55.2168,81.37736
30.55692,80.18824
30.47506,80.17463
73.88441,82.38525
73.82186,82.38153
67.90153,82.09972
67.84067,82.09129
59.30912,81.6752
59.24805,81.67435
55.21623,81.47884
30.55711,80.29163
74.0117,82.49929
73.88688,82.48102
68.00734,82.20405
67.90784,82.18678
67.83813,82.17648
59.30326,81.77525
59.23488,81.77136
59.11961,81.79121
59.04298,81.78992
55.21971,81.58082
30.55641,80.39284
74.07262,82.60417
74.01804,82.59495
73.89151,82.56948
59.30073,81.88257
59.22557,81.87276
59.11373,81.86256
59.03904,81.85883
55.22035,81.67973
51.40714,81.50971
51.33728,81.50027
51.2319,81.48624
51.12808,81.48488
51.02805,81.48177
50.92822,81.47864
50.83106,81.47702
50.72974,81.47728
50.63467,81.47659
30.55287,80.49498
74.01578,82.69923
73.88801,82.68283
59.29804,81.9808
59.23464,81.97772
59.12077,81.95963
59.03117,81.93994
55.21673,81.77939
51.40233,81.59562
51.33447,81.59
51.22538,81.58265
51.12432,81.57468
51.02455,81.56783
50.92329,81.56781
50.82528,81.56023
50.72432,81.55779
50.63146,81.56068
50.53956,81.5685
30.54926,80.59111
74.06992,82.79762
74.01578,82.79005
73.88589,82.79928
59.29691,82.07875
59.23547,82.07059
55.21081,81.87898
51.40039,81.69627
51.33462,81.68793
51.2332,81.66975
51.11785,81.67377
51.01567,81.66504
50.91887,81.66618
50.81863,81.65391
50.7178,81.65271
50.62419,81.64498
50.52811,81.64076
30.5513,80.68789
74.06356,82.90048
74.013,82.89192
73.8866,82.89505
60.00311,82.20786
59.90516,82.21209
59.80303,82.21224
59.70516,82.20556
59.60437,82.20621
59.50416,82.20195
59.39878,82.19332
59.29428,82.17719
59.23498,82.17152
55.2147,81.97719
51.39662,81.79441
51.33365,81.78971
30.54597,80.7822
74.06,82.99221
74.00965,82.99586
73.89044,82.9922
59.6003,82.25358
59.49354,82.24992
59.38683,82.25349
59.29675,82.25777
59.23093,82.24513
55.22776,82.06753
51.39299,81.89358
51.32954,81.88932
42.80886,81.49223
42.71709,81.48019
42.62113,81.47668
42.52015,81.48072
42.42135,81.47214
42.31419,81.4774
42.2159,81.47011
42.1191,81.46646
42.02319,81.46799
30.22309,80.88725
74.05444,83.08964
74.00636,83.08945
73.88748,83.07555
51.3903,81.99303
51.32805,81.98778
42.80091,81.57367
42.7207,81.57198
42.62777,81.56327
30.22072,80.96624
30.15056,80.96045
74.04854,83.1874
74.0006,83.19054
73.88323,83.18189
51.45907,82.1019
51.38297,82.09375
51.32465,82.09006
42.79634,81.67505
42.71904,81.67245
42.62305,81.66749
33.89648,81.25098
33.8248,81.23922
30.22361,81.06378
74.04987,83.29207
73.99791,83.2869
73.88268,83.27931
51.4576,82.19468
51.37894,82.19379
51.3141,82.19575
51.19514,82.2169
51.09423,82.21324
50.99483,82.21277
42.79267,81.7747
42.71353,81.77437
42.61094,81.76653
33.89768,81.345
33.8316,81.33981
30.21674,81.16466
74.04764,83.4034
73.97408,83.38782
73.87206,83.39152
51.37209,82.27577
51.30002,82.27562
51.19228,82.26812
51.09121,82.26398
50.99014,82.26256
50.88741,82.25897
50.79046,82.2555
50.6907,82.25323
50.60247,82.2521
42.78814,81.87759
42.70282,81.87249
42.61002,81.86835
40.61513,81.76633
33.89172,81.44648
33.82502,81.42998
30.21467,81.26153
73.84491,83.48968
73.78522,83.48542
51.35398,82.37046
51.30802,82.37029
42.7831,81.97563
42.6975,81.96797
42.60402,81.96069
40.59952,81.87006
33.8898,81.54248
33.81663,81.5454
30.21582,81.36091
73.844,83.58901
73.78262,83.58199
42.78144,82.07431
42.68727,82.06902
42.60778,82.06389
40.50307,81.95738
33.8858,81.64051
33.83527,81.63702
30.21658,81.45966
73.83952,83.68877
73.77341,83.69191
42.78065,82.17543
42.68494,82.17182
42.60241,82.17243
33.88825,81.73199
73.8412,83.77547
73.75468,83.78564
42.77705,82.25349
42.67649,82.2559
42.58603,82.25306
42.48194,82.25084
42.37983,82.23534
42.27304,82.23455
42.18261,82.23187
42.07829,82.22211
41.99264,82.21497
33.88131,81.84535
73.84227,83.88476
73.64191,83.88827
73.54767,83.88164
73.33569,83.85577
33.88034,81.93418
73.85119,83.98867
73.63274,83.97891
73.53788,83.97127
39.76963,82.3129
33.87811,82.03994
73.84091,84.09097
73.63196,84.07916
73.53687,84.07315
33.87693,82.14391
73.83936,84.18779
73.62807,84.17685
73.5326,84.1724
73.32317,84.15956
33.87671,82.23888
73.8371,84.28751
73.62483,84.27126
73.52539,84.27206
73.32017,84.25566
33.87626,82.34081
73.82549,84.38093
73.61749,84.37472
73.52331,84.37203
73.31425,84.36657
33.87267,82.43813
73.87374,84.47866
73.83108,84.48772
73.68369,84.48373
73.61362,84.47765
73.5195,84.46879
33.86486,82.54579
73.87379,84.59198
73.82857,84.59216
73.68171,84.58743
73.60761,84.58248
73.50923,84.57201
73.30685,84.55986
73.87042,84.69841
73.81882,84.68099
73.68551,84.67494
73.60175,84.6789
73.50929,84.67072
43.32075,83.23377
43.24055,83.21888
43.15181,83.1934
73.86855,84.7977
73.8129,84.78965
73.68638,84.77957
73.5946,84.77605
73.50858,84.77739
43.4211,83.32485
43.33678,83.29543
43.23746,83.28407
43.13941,83.29086
73.86401,84.89389
73.80764,84.88963
73.68232,84.87539
73.58298,84.87134
43.50864,83.40143
43.43413,83.40762
43.33441,83.40899
33.91476,82.94893
73.86098,84.98846
73.80209,84.99146
73.68829,84.96684
43.41817,83.50823
43.31858,83.50453
33.90896,83.04451
73.85442,85.08422
73.79259,85.08467
43.39194,83.59125
43.32059,83.6052
43.22747,83.60201
33.90912,83.13983
73.85016,85.19235
73.79489,85.17731
43.30441,83.69527
43.20597,83.69817
33.90228,83.24256
73.85092,85.28876
73.80074,85.27954
43.28088,83.78489
43.20614,83.79385
43.13596,83.77884
33.89914,83.33741
73.98354,85.39149
73.85731,85.38539
43.48614,83.9018
33.90005,83.44166
74.03686,85.50635
73.98474,85.50265
73.86617,85.48567
74.03566,85.60027
73.97094,85.60017
73.86478,85.59029
30.50286,83.48837
74.03608,85.69819
73.96535,85.68809
73.8554,85.68487
30.50813,83.59111
74.03032,85.80214
73.95702,85.78836
73.85482,85.78618
30.51446,83.67544
74.02871,85.89474
73.94077,85.88934
73.85497,85.88378
30.29749,83.76927
74.02573,86.00204
73.94659,85.98978
73.84912,85.9772
30.29865,83.86791
74.02541,86.09541
30.29794,83.9669
74.0204,86.20279
30.3529,84.07503
30.29393,84.06454
74.02724,86.29778
73.92406,86.30872
73.8288,86.30206
30.35002,84.16998
30.29399,84.16309
74.01971,86.39162
73.82233,86.39429
30.34511,84.26947
30.29296,84.26839
73.81873,86.49033
30.34249,84.37097
30.2861,84.36185
73.87772,86.58374
73.81973,86.58771
30.33726,84.46863
30.27879,84.46477
73.87069,86.68935
73.82059,86.69308
30.33633,84.57221
30.27581,84.56057
73.86252,86.79424
73.80742,86.78451
30.34575,84.66895
73.79371,86.88132
73.08665,86.84891
72.99221,86.83792
72.90901,86.83612
72.69629,86.83455
30.53802,84.78765
30.46491,84.77638
73.79976,86.9861
71.28745,86.86021
30.53797,84.87685
73.78309,87.09308
30.53756,84.97916
30.44862,84.97532
30.52769,85.07997
30.45325,85.07478
73.85271,87.29315
30.72146,85.21178
30.53876,85.17678
30.72366,85.28905
30.79382,85.40039
30.72915,85.39462
30.78907,85.50309
30.71825,85.49068
30.78308,85.5956
30.71749,85.59046
30.78336,85.70032
30.71169,85.6895
30.78475,85.80136
30.71017,85.79002
30.7771,85.9006
30.70903,85.88744
39.86018,86.42657
39.78134,86.43467
30.77144,85.99764
30.69439,85.98198
30.77074,86.08713
30.69861,86.08784
30.76362,86.18824
30.68954,86.18884
30.77042,86.28596
30.68273,86.27094
30.53512,86.39004
30.47188,86.38192
33.92885,86.67348
33.86469,86.64922
30.54702,86.48982
30.46572,86.48085
33.93066,86.757
33.87443,86.74792
31.45039,86.63158
30.54566,86.58499
73.69917,88.78583
33.92625,86.8542
33.86253,86.84652
31.54323,86.72894
33.91939,86.94955
33.84673,86.94617
31.55006,86.81639
33.9218,87.05027
33.86083,87.04498
33.91645,87.15469
33.84666,87.15024
33.91587,87.25381
33.91374,87.3512
33.91025,87.45075
33.90763,87.55534
33.90714,87.65046
33.9037,87.74985
33.90316,87.84675
33.90017,87.94522
33.90267,88.04517
33.90054,88.15032
33.89733,88.25338
33.89218,88.34808
33.93979,88.4553
33.88919,88.45136
33.93494,88.55914
33.88639,88.54798
33.92748,88.66254
33.87798,88.64874
33.92585,88.75424
33.87369,88.75237
33.92353,88.85574
33.86485,88.85269
33.92106,88.9611
33.85268,88.94984
34.33978,89.07162
34.14056,89.06293
34.04419,89.06516
33.92424,89.05373
34.3444,89.18094
34.33361,89.27671
34.32678,89.37402
34.40329,89.48364
34.31976,89.47194
73.86259,91.50178
34.40164,89.57355
34.32067,89.57453
73.86665,91.6059
34.40448,89.67377
34.31272,89.67233
73.85671,91.69418
34.39263,89.76508
34.30803,89.77937
73.85925,91.80026
34.38921,89.86979
34.314,89.86927
73.86192,91.89325
73.85941,91.99702
73.85746,92.09899
33.88317,90.26064
33.88858,90.35224
33.88641,90.44404
33.93852,90.54476
33.87154,90.54665
33.93278,90.65993
33.87046,90.65118
33.93293,90.7587
33.85927,90.75455
73.87592,92.79202
33.92736,90.86298
33.86105,90.84729
73.87274,92.89248
33.93205,90.96229
33.85801,90.94678
73.86971,92.99203
34.03769,91.07163
33.94193,91.0519
73.86928,93.09714
34.04573,91.15948
73.86153,93.20046
34.04195,91.25853
73.86708,93.30074
34.03812,91.35678
34.09412,91.46134
34.03204,91.45988
34.08885,91.56457
34.02899,91.55962
34.08258,91.66852
34.0198,91.65824
33.90232,91.85603
33.81795,91.85059
33.90296,91.95112
33.90403,92.05424
33.80641,92.04845
33.9026,92.15665
33.90111,92.25324
33.89745,92.34981
33.89698,92.45119
38.06029,92.78697
37.9571,92.78647
37.86868,92.77969
33.88932,92.54912
38.13353,92.85851
38.05727,92.85237
37.9618,92.83226
37.85241,92.82324
37.76115,92.81787
37.66736,92.81944
37.56534,92.81558
37.46608,92.81013
37.36283,92.81206
37.26204,92.81101
37.15792,92.80316
36.95882,92.8014
33.93389,92.65114
38.13211,92.96298
38.05296,92.95707
33.93707,92.75862
59.02293,94.08089
38.12909,93.06392
38.0509,93.05797
38.12665,93.16199
38.05659,93.15182
58.71729,94.26918
58.6118,94.2608
58.41997,94.25993
58.22433,94.25094
58.11682,94.24943
55.91264,94.12467
38.12689,93.26359
72.46336,95.43649
68.18448,95.42706
68.06589,95.43706
67.0689,95.44839
66.96039,95.4474
66.86889,95.44846
66.76272,95.44577
66.66642,95.4427
66.56892,95.4463
66.46629,95.43845
66.36546,95.43459
66.27522,95.44392
66.16619,95.44262
66.05726,95.43764
65.96628,95.43126
65.76511,95.42442
55.96889,94.91294
55.89965,94.92316
63.46231,95.41159
63.36342,95.41141
63.16846,95.40518
63.05896,95.40266
62.96907,95.40401
62.76743,95.38786
62.66589,95.37962
62.06387,95.34869
61.96156,95.33685
61.7685,95.33557
61.66786,95.33685
61.46983,95.31973
61.26789,95.32262
59.76777,95.22321
55.57378,95.03761
55.4664,95.03666
55.38099,95.02914
62.65982,95.42456
62.55905,95.42376
62.45795,95.41737
62.36244,95.41794
62.2632,95.41857
62.16824,95.42023
62.06636,95.41543
61.96221,95.41296
61.86269,95.41008
61.76087,95.41184
61.66187,95.40971
61.56358,95.407
61.46632,95.40656
61.36702,95.40193
61.26517,95.40205
61.16371,95.39327
61.06499,95.38352
60.96584,95.3777
60.8732,95.3798
60.76189,95.36323
60.66659,95.35974
60.57045,95.35438
60.46917,95.35101
60.3643,95.34508
60.27098,95.34043
60.16225,95.33743
55.87273,95.12347
55.77023,95.12401
55.67256,95.10789
55.56794,95.09273
55.47062,95.08855
55.36559,95.09934
55.26489,95.09756
55.17001,95.0834
55.0681,95.07889
54.9735,95.07445
60.95794,95.44672
60.85696,95.44095
60.76547,95.44051
60.65624,95.43856
60.55565,95.43417
60.45815,95.43701
60.35804,95.43304
60.25951,95.43051
60.16281,95.4277
60.07011,95.42286
54.9475,95.17828
54.93195,95.28469
54.85781,95.28704
54.76145,95.28417
54.6611,95.27522
54.56318,95.26894
54.466,95.26409
54.36311,95.25857
54.26187,95.25631
54.16283,95.2516
54.06351,95.25056
53.96463,95.24789
53.86205,95.24597
53.76348,95.24263
53.66309,95.24004
53.56416,95.24262
53.46137,95.23676
53.3639,95.22624
53.26525,95.22862
53.16325,95.22525
53.06314,95.22112
52.96227,95.21863
52.86787,95.20985
54.85734,95.35266
54.75573,95.3453
54.65558,95.34802
54.55661,95.34222
54.45576,95.33473
54.35921,95.34098
54.25685,95.33691
54.16144,95.32366
54.05383,95.32237
53.95379,95.32117
53.858,95.32103
53.75713,95.31039
53.65636,95.30939
53.55743,95.30961
53.46413,95.30202
53.35725,95.29099
53.25781,95.29146
53.16315,95.2855
53.06055,95.28776
52.95898,95.27969
52.86213,95.27679
52.75739,95.27246
52.6652,95.27089
52.5544,95.2674
52.46059,95.26675
52.36235,95.27015
52.26701,95.27515
52.16724,95.27489
52.05951,95.26005
51.95601,95.2652
51.85861,95.25571
51.76546,95.25285
51.65714,95.25187
51.15707,95.20041
51.06056,95.20296
50.96462,95.20517
52.76072,95.35108
52.65875,95.35129
52.56477,95.34634
52.4578,95.33971
52.35772,95.33913
52.25561,95.34107
52.15561,95.33257
52.0571,95.33176
51.95814,95.33006
51.86024,95.33006
51.7534,95.3262
51.65768,95.32622
51.55825,95.31778
51.45849,95.31496
51.35788,95.31802
51.25576,95.30664
51.17455,95.2842
51.05433,95.26828
50.95035,95.26019
50.8545,95.29615
50.76225,95.30383
50.65582,95.30867
50.54726,95.30245
50.7519,95.35393
50.65293,95.35082
50.55476,95.34879
50.45492,95.34682
50.35806,95.34393
50.25259,95.34559
50.15713,95.34729
50.05189,95.33291
49.94693,95.33879
49.85891,95.32871
48.54005,95.35901
48.44576,95.35093
48.34354,95.34715
48.25,95.34583
48.1534,95.35321
48.05115,95.34962
47.95123,95.34765
47.85271,95.33881
47.74682,95.34241
47.64931,95.33701
47.5479,95.34143
47.44857,95.33597
47.3506,95.33749
47.25257,95.33285
47.1519,95.32614
47.04886,95.32239
46.95006,95.3158
46.85085,95.28081
46.75601,95.27311
46.65305,95.2743
46.55507,95.29437
48.54107,95.48113
48.34459,95.48101
48.23889,95.47678
48.14736,95.46387
48.04471,95.46848
47.94425,95.45465
47.84343,95.46089
47.74687,95.44959
47.64595,95.44724
47.5435,95.42815
47.44845,95.42405
47.34264,95.42101
47.24429,95.41344
47.1466,95.40392
47.04829,95.3946
46.94755,95.39334
46.85241,95.38744
46.74229,95.38444
46.64735,95.37474
46.54443,95.36987
46.45243,95.36479
46.34985,95.36765
46.25026,95.36132
46.15118,95.36043
46.05,95.35384
45.94499,95.35074
45.85221,95.34631
45.74666,95.34412
45.64293,95.34521
45.54821,95.33978
45.4514,95.33083
45.35028,95.33418
45.24662,95.33215
45.15025,95.33129
45.05317,95.32481
47.74849,95.50526
47.63846,95.50243
47.53626,95.50106
47.43921,95.49094
47.34412,95.48886
47.24778,95.48891
47.14603,95.47809
47.04456,95.47824
46.93835,95.4799
46.84353,95.47191
46.75563,95.47128
46.33932,95.45836
46.24119,95.45532
46.14533,95.45389
46.0438,95.44764
45.93922,95.44353
45.84036,95.44009
45.74505,95.4357
45.64407,95.43398
45.54333,95.42712
45.4409,95.42343
45.34193,95.42009
45.24154,95.41105
45.14196,95.40391
45.04488,95.40312
44.94272,95.39787
44.84494,95.39697
44.74439,95.3898
44.64273,95.38428
44.54342,95.38246
44.44713,95.37617
44.349,95.37035
44.24491,95.36594
44.14473,95.36071
44.04408,95.35752
43.94542,95.35588
43.84892,95.35976
43.75032,95.34479
43.64118,95.34395
45.23655,95.47948
45.13546,95.473
45.04473,95.47201
44.93926,95.46278
44.7509,95.45198
44.6442,95.45474
44.53886,95.44744
44.44392,95.44451
44.34451,95.43713
44.04118,95.42506
43.24724,95.4242
43.13847,95.40889
43.03439,95.40759
41.53692,95.41991
41.44204,95.41951
41.34146,95.40599
41.24478,95.40896
41.13488,95.40562
41.04222,95.39648
40.93486,95.3881
40.83931,95.38921
40.74477,95.3907
40.64837,95.39094
40.54422,95.39842
40.44911,95.39441
40.35035,95.39313
40.25078,95.39226
40.14515,95.39442
40.04294,95.38734
39.93368,95.38486
40.04009,95.42611
39.82914,95.42017
39.7333,95.41539
39.64242,95.41621
39.54788,95.416
39.43696,95.40965
39.33958,95.41379
39.23685,95.41124
39.15,95.40582
39.04062,95.40552
38.93537,95.41122
38.82749,95.40668
38.74389,95.40528
38.64517,95.40563
38.52909,95.39963
38.03346,95.35354
